deviceId,date,steps_sum,steps_max_5min,sensor_intervals,steps_observed,steps_coverage
ab60,2021-03-04,,,30,0,0.0
ab60,2021-03-08,0.0,0.0,30,19,0.6333333333333333
ab60,2021-03-09,19.0,15.0,36,11,0.3055555555555556
ab60,2021-03-10,3.0,3.0,29,20,0.6896551724137931
ab60,2021-03-11,55.69047619047619,44.0,60,39,0.65
ab60,2021-03-12,0.0,0.0,11,8,0.7272727272727273
ab60,2021-03-13,0.0,0.0,31,22,0.7096774193548387
ab60,2021-03-14,21.166666666666664,10.666666666666666,64,36,0.5625
ab60,2021-03-15,37.666666666666664,36.0,39,28,0.717948717948718
ab60,2021-03-16,28.583333333333332,14.75,24,20,0.8333333333333334
ab60,2021-03-17,6.214285714285714,3.5,31,19,0.6129032258064516
ab60,2021-03-18,0.0,0.0,34,27,0.7941176470588235
ab60,2021-03-19,85.0,85.0,31,20,0.6451612903225806
ab60,2021-03-20,10.5,10.5,40,27,0.675
ab60,2021-03-21,0.0,0.0,16,7,0.4375
ab60,2021-03-22,5.7,2.2,22,19,0.8636363636363636
ab60,2021-03-24,20.921568627450984,11.333333333333334,42,30,0.7142857142857143
ab60,2021-03-25,533.3333333333334,525.0,59,29,0.4915254237288136
ab60,2021-03-26,55.333333333333336,41.0,66,33,0.5
ab60,2021-03-27,41.833333333333336,24.0,35,10,0.2857142857142857
ab60,2021-03-28,16.166666666666668,6.0,52,26,0.5
ab60,2021-03-29,24.857142857142858,13.0,73,56,0.7671232876712328
ab60,2021-03-30,13.107142857142858,11.25,63,50,0.7936507936507936
ab60,2021-03-31,14.13888888888889,5.222222222222222,28,25,0.8928571428571429
ab60,2021-04-01,2.833333333333333,2.833333333333333,45,35,0.7777777777777778
ab60,2021-04-02,9.5,9.5,59,43,0.7288135593220338
ab60,2021-04-03,30.142857142857142,8.285714285714286,35,26,0.7428571428571429
ab60,2021-04-04,0.0,0.0,18,14,0.7777777777777778
am77,2021-03-05,,,9,0,0.0
am77,2021-03-06,,,11,0,0.0
am77,2021-03-07,,,15,0,0.0
am77,2021-03-08,0.0,0.0,5,2,0.4
am77,2021-03-09,11.5,11.0,15,8,0.5333333333333333
am77,2021-03-10,0.0,0.0,4,2,0.5
am77,2021-03-11,23.0,23.0,11,9,0.8181818181818182
am77,2021-03-12,0.0,0.0,8,5,0.625
am77,2021-03-13,0.0,0.0,11,2,0.18181818181818182
am77,2021-03-14,0.0,0.0,14,6,0.42857142857142855
am77,2021-03-15,0.0,0.0,5,3,0.6
am77,2021-03-16,5.714285714285714,5.714285714285714,7,2,0.2857142857142857
am77,2021-03-17,0.0,0.0,18,4,0.2222222222222222
am77,2021-03-18,0.0,0.0,2,1,0.5
am77,2021-03-19,0.0,0.0,8,5,0.625
am77,2021-03-20,14.0,14.0,40,17,0.425
am77,2021-03-21,3.0,3.0,1,1,1.0
am77,2021-03-22,2.4,2.4,3,1,0.3333333333333333
am77,2021-03-23,16.916666666666664,15.666666666666666,6,4,0.6666666666666666
am77,2021-03-24,,,1,0,0.0
am77,2021-03-25,0.0,0.0,3,1,0.3333333333333333
am77,2021-03-26,12.0,12.0,11,5,0.45454545454545453
am77,2021-03-27,0.0,0.0,18,5,0.2777777777777778
am77,2021-03-28,0.0,0.0,16,8,0.5
am77,2021-03-29,0.0,0.0,5,4,0.8
am77,2021-03-30,0.0,0.0,4,1,0.25
am77,2021-03-31,7.75,7.75,4,2,0.5
am77,2021-04-01,,,6,0,0.0
am77,2021-04-02,,,4,0,0.0
am77,2021-04-03,0.0,0.0,11,1,0.09090909090909091
am77,2021-04-04,0.0,0.0,9,3,0.3333333333333333
av54,2021-03-08,,,12,0,0.0
av54,2021-03-09,,,20,0,0.0
av54,2021-03-10,,,9,0,0.0
av54,2021-03-11,,,6,0,0.0
av54,2021-03-12,,,5,0,0.0
av54,2021-03-13,,,29,0,0.0
av54,2021-03-14,0.0,0.0,22,1,0.045454545454545456
av54,2021-03-15,0.0,0.0,22,1,0.045454545454545456
av54,2021-03-16,0.0,0.0,18,1,0.05555555555555555
av54,2021-03-17,25.0,25.0,37,1,0.02702702702702703
av54,2021-03-18,,,6,0,0.0
av54,2021-03-19,0.0,0.0,13,1,0.07692307692307693
av54,2021-03-20,3.5,3.5,27,1,0.037037037037037035
av54,2021-03-21,0.0,0.0,11,1,0.09090909090909091
av54,2021-03-22,,,15,0,0.0
av54,2021-03-23,,,6,0,0.0
av54,2021-03-24,,,15,0,0.0
av54,2021-03-25,3.5,3.5,9,1,0.1111111111111111
av54,2021-03-26,,,10,0,0.0
av54,2021-03-28,,,8,0,0.0
av54,2021-03-29,,,19,0,0.0
av54,2021-03-30,,,16,0,0.0
av54,2021-03-31,,,10,0,0.0
av54,2021-04-01,,,16,0,0.0
av54,2021-04-02,,,6,0,0.0
av54,2021-04-03,,,48,0,0.0
ba30,2021-03-04,,,5,0,0.0
ba30,2021-03-11,0.0,0.0,45,10,0.2222222222222222
ba30,2021-03-12,0.0,0.0,11,1,0.09090909090909091
ba30,2021-03-13,0.0,0.0,62,11,0.1774193548387097
ba30,2021-03-14,2.7142857142857144,2.7142857142857144,15,4,0.26666666666666666
ba30,2021-03-15,0.0,0.0,11,2,0.18181818181818182
ba30,2021-03-16,7.05,4.25,41,20,0.4878048780487805
ba30,2021-03-17,0.0,0.0,16,11,0.6875
ba30,2021-03-18,0.0,0.0,26,15,0.5769230769230769
ba30,2021-03-19,72.48235294117647,66.0,45,13,0.28888888888888886
ba30,2021-03-20,2.0,2.0,54,17,0.3148148148148148
ba30,2021-03-21,24.666666666666668,24.666666666666668,36,16,0.4444444444444444
ba30,2021-03-23,24.5,20.5,22,11,0.5
ba30,2021-03-24,27.0,14.0,66,19,0.2878787878787879
ba30,2021-03-25,12.0,12.0,25,17,0.68
ba30,2021-03-26,0.0,0.0,35,17,0.4857142857142857
ba30,2021-03-27,0.0,0.0,28,11,0.39285714285714285
ba30,2021-03-28,0.0,0.0,51,6,0.11764705882352941
ba30,2021-03-29,0.0,0.0,43,28,0.6511627906976745
ba30,2021-03-30,27.0,27.0,54,18,0.3333333333333333
ba30,2021-03-31,13.666666666666666,10.666666666666666,60,22,0.36666666666666664
ba30,2021-04-01,3.25,3.25,60,27,0.45
ba30,2021-04-02,8.5,6.833333333333333,21,8,0.38095238095238093
ba30,2021-04-03,154.55,144.5,23,10,0.43478260869565216
ba30,2021-04-04,0.0,0.0,7,5,0.7142857142857143
ba30,2021-04-05,0.0,0.0,47,20,0.425531914893617
ba30,2021-04-06,9.0,5.0,85,38,0.4470588235294118
ba30,2021-04-07,1.3333333333333333,1.3333333333333333,40,18,0.45
ba30,2021-04-08,0.0,0.0,11,6,0.5454545454545454
bp16,2021-03-08,0.0,0.0,33,18,0.5454545454545454
bp16,2021-03-09,0.0,0.0,16,8,0.5
bp16,2021-03-10,2.0,2.0,35,30,0.8571428571428571
bp16,2021-03-11,0.0,0.0,10,9,0.9
bp16,2021-03-12,0.0,0.0,15,11,0.7333333333333333
bp16,2021-03-13,0.0,0.0,11,3,0.2727272727272727
bp16,2021-03-14,0.0,0.0,12,3,0.25
bp16,2021-03-15,0.0,0.0,30,20,0.6666666666666666
bp16,2021-03-16,0.0,0.0,21,17,0.8095238095238095
bp16,2021-03-17,0.0,0.0,24,11,0.4583333333333333
bp16,2021-03-18,0.0,0.0,21,7,0.3333333333333333
bp16,2021-03-19,0.0,0.0,13,4,0.3076923076923077
bp16,2021-03-20,1.7692307692307692,1.7692307692307692,11,4,0.36363636363636365
bp16,2021-03-21,0.0,0.0,30,2,0.06666666666666667
bp16,2021-03-22,0.0,0.0,49,38,0.7755102040816326
bp16,2021-03-23,8.4,8.4,51,32,0.6274509803921569
bp16,2021-03-24,10.6,6.0,11,6,0.5454545454545454
bp16,2021-03-25,0.0,0.0,11,4,0.36363636363636365
bp16,2021-03-26,0.0,0.0,30,8,0.26666666666666666
bp16,2021-03-27,0.0,0.0,10,5,0.5
bp16,2021-03-28,0.0,0.0,4,1,0.25
bp16,2021-03-29,0.0,0.0,13,6,0.46153846153846156
bp16,2021-03-30,0.0,0.0,14,9,0.6428571428571429
bp16,2021-03-31,0.0,0.0,10,6,0.6
bp16,2021-04-01,0.0,0.0,9,2,0.2222222222222222
bp16,2021-04-02,0.0,0.0,10,1,0.1
bp16,2021-04-03,15.083333333333332,8.0,17,10,0.5882352941176471
bp16,2021-04-04,0.0,0.0,7,1,0.14285714285714285
br74,2021-03-07,0.0,0.0,98,5,0.05102040816326531
br74,2021-03-08,0.0,0.0,11,1,0.09090909090909091
br74,2021-03-09,0.0,0.0,17,3,0.17647058823529413
br74,2021-03-10,0.0,0.0,28,6,0.21428571428571427
br74,2021-03-11,0.0,0.0,21,3,0.14285714285714285
br74,2021-03-12,9.0,9.0,22,7,0.3181818181818182
br74,2021-03-13,0.0,0.0,28,2,0.07142857142857142
br74,2021-03-14,5.5,5.5,9,3,0.3333333333333333
br74,2021-03-15,0.0,0.0,30,9,0.3
br74,2021-03-16,0.0,0.0,37,11,0.2972972972972973
br74,2021-03-17,0.0,0.0,9,1,0.1111111111111111
br74,2021-03-18,5.0,5.0,13,1,0.07692307692307693
br74,2021-03-19,,,5,0,0.0
br74,2021-03-20,0.0,0.0,7,2,0.2857142857142857
br74,2021-03-21,0.0,0.0,8,1,0.125
br74,2021-03-22,12.0,12.0,18,2,0.1111111111111111
br74,2021-03-23,0.0,0.0,9,1,0.1111111111111111
br74,2021-03-24,,,6,0,0.0
br74,2021-03-25,40.75,40.75,10,1,0.1
br74,2021-03-26,1.2,1.2,8,3,0.375
br74,2021-03-27,,,6,0,0.0
br74,2021-03-28,0.0,0.0,1,1,1.0
br74,2021-03-29,7.5,7.5,26,5,0.19230769230769232
br74,2021-03-30,0.0,0.0,11,1,0.09090909090909091
br74,2021-03-31,0.0,0.0,18,4,0.2222222222222222
br74,2021-04-01,61.57142857142857,61.57142857142857,8,1,0.125
br74,2021-04-02,0.0,0.0,8,1,0.125
ca37,2021-03-08,,,4,0,0.0
ca37,2021-03-10,0.0,0.0,4,2,0.5
ca37,2021-03-11,0.0,0.0,11,3,0.2727272727272727
ca37,2021-03-12,0.0,0.0,9,3,0.3333333333333333
ca37,2021-03-14,0.0,0.0,2,1,0.5
ca37,2021-03-15,0.0,0.0,7,7,1.0
ca37,2021-03-16,,,3,0,0.0
ca37,2021-03-17,,,2,0,0.0
ca37,2021-03-18,467.0,467.0,4,2,0.5
ca37,2021-03-19,0.0,0.0,3,1,0.3333333333333333
ca37,2021-03-22,36.5,36.5,3,1,0.3333333333333333
ca37,2021-03-23,428.0,428.0,1,1,1.0
ca37,2021-03-24,,,2,0,0.0
ca37,2021-03-25,3.142857142857143,2.0,9,4,0.4444444444444444
ca37,2021-03-27,0.0,0.0,1,1,1.0
ca37,2021-03-28,0.0,0.0,3,1,0.3333333333333333
ca37,2021-03-30,0.0,0.0,1,1,1.0
ca37,2021-03-31,0.0,0.0,2,1,0.5
ca37,2021-04-01,0.0,0.0,2,2,1.0
ca37,2021-04-02,,,1,0,0.0
ca37,2021-04-03,,,1,0,0.0
ca37,2021-04-04,,,1,0,0.0
dk68,2021-03-05,,,8,0,0.0
dk68,2021-03-07,,,14,0,0.0
dk68,2021-03-08,,,1,0,0.0
dk68,2021-03-09,,,1,0,0.0
dk68,2021-03-10,,,1,0,0.0
dk68,2021-03-11,,,1,0,0.0
dk68,2021-03-12,,,6,0,0.0
dk68,2021-03-13,,,1,0,0.0
dk68,2021-03-14,38.0,38.0,15,1,0.06666666666666667
dk68,2021-03-17,177.4,177.4,5,1,0.2
dk68,2021-03-19,,,11,0,0.0
dk68,2021-03-22,,,1,0,0.0
dk68,2021-03-24,,,1,0,0.0
dk68,2021-03-25,,,5,0,0.0
dk68,2021-03-27,0.0,0.0,5,1,0.2
dk68,2021-03-28,,,30,0,0.0
dk68,2021-03-29,,,1,0,0.0
dk68,2021-03-31,,,2,0,0.0
dk68,2021-04-01,,,2,0,0.0
dk68,2021-04-02,,,13,0,0.0
dk68,2021-04-04,,,14,0,0.0
ea80,2021-03-04,,,5,0,0.0
ea80,2021-03-08,0.0,0.0,17,1,0.058823529411764705
ea80,2021-03-09,,,12,0,0.0
ea80,2021-03-10,0.0,0.0,42,3,0.07142857142857142
ea80,2021-03-11,,,5,0,0.0
ea80,2021-03-12,66.0,66.0,20,2,0.1
ea80,2021-03-13,0.0,0.0,12,2,0.16666666666666666
ea80,2021-03-14,,,3,0,0.0
ea80,2021-03-15,0.0,0.0,13,1,0.07692307692307693
ea80,2021-03-16,,,2,0,0.0
ea80,2021-03-17,,,5,0,0.0
ea80,2021-03-18,0.0,0.0,4,1,0.25
ea80,2021-03-19,0.0,0.0,13,2,0.15384615384615385
ea80,2021-03-20,,,9,0,0.0
ea80,2021-03-23,,,1,0,0.0
ea80,2021-03-24,,,1,0,0.0
ea80,2021-03-25,0.0,0.0,6,1,0.16666666666666666
ea80,2021-03-26,,,9,0,0.0
ea80,2021-03-27,12.0,12.0,33,3,0.09090909090909091
ea80,2021-03-28,,,2,0,0.0
ea80,2021-03-29,0.0,0.0,26,2,0.07692307692307693
ea80,2021-03-30,98.2,98.2,8,1,0.125
ea80,2021-03-31,,,6,0,0.0
ea80,2021-04-01,0.0,0.0,16,5,0.3125
ea80,2021-04-02,,,4,0,0.0
ea80,2021-04-03,0.0,0.0,14,2,0.14285714285714285
ej27,2021-03-05,,,1,0,0.0
ej27,2021-03-07,0.0,0.0,1,1,1.0
ej27,2021-03-08,107.99708308487378,45.5,70,50,0.7142857142857143
ej27,2021-03-09,26.101648351648354,12.428571428571429,35,28,0.8
ej27,2021-03-10,24.0,24.0,25,11,0.44
ej27,2021-03-11,17.0,17.0,22,10,0.45454545454545453
ej27,2021-03-12,3.9999999999999996,3.333333333333333,16,9,0.5625
ej27,2021-03-13,3.375,3.375,26,12,0.46153846153846156
ej27,2021-03-14,46.84328028293546,12.413793103448276,56,19,0.3392857142857143
ej27,2021-03-15,2.421052631578948,2.421052631578948,38,15,0.39473684210526316
ej27,2021-03-16,0.0,0.0,14,4,0.2857142857142857
ej27,2021-03-17,0.0,0.0,39,11,0.28205128205128205
ej27,2021-03-18,0.0,0.0,42,8,0.19047619047619047
ej27,2021-03-19,3.0,3.0,12,6,0.5
ej27,2021-03-20,3.1666666666666665,3.1666666666666665,40,8,0.2
ej27,2021-03-21,2.5,2.5,42,11,0.2619047619047619
ej27,2021-03-22,2.2,2.2,19,11,0.5789473684210527
ej27,2021-03-23,14.0,14.0,12,5,0.4166666666666667
ej27,2021-03-24,3.571428571428571,2.0,21,10,0.47619047619047616
ej27,2021-03-25,9.0,9.0,37,15,0.40540540540540543
ej27,2021-03-26,79.05833333333335,33.5,45,24,0.5333333333333333
ej27,2021-03-27,2.5,2.5,20,5,0.25
ej27,2021-03-28,17.5,12.5,32,12,0.375
ej27,2021-03-29,29.416666666666668,23.666666666666668,39,9,0.23076923076923078
ej27,2021-03-30,3.333333333333333,3.333333333333333,37,11,0.2972972972972973
ej27,2021-03-31,6.5,6.5,24,6,0.25
ej27,2021-04-01,29.446428571428573,27.375,43,18,0.4186046511627907
ej27,2021-04-02,4.8,4.8,43,22,0.5116279069767442
ej27,2021-04-03,39.5,29.0,22,14,0.6363636363636364
ej27,2021-04-04,0.0,0.0,4,2,0.5
ev76,2021-03-04,,,1,0,0.0
ev76,2021-03-08,0.0,0.0,29,10,0.3448275862068966
ev76,2021-03-09,52.55177445962523,45.5,15,5,0.3333333333333333
ev76,2021-03-10,25.33333333333333,25.33333333333333,16,10,0.625
ev76,2021-03-11,4.0,4.0,21,6,0.2857142857142857
ev76,2021-03-12,3.25,3.25,15,7,0.4666666666666667
ev76,2021-03-13,0.0,0.0,46,9,0.1956521739130435
ev76,2021-03-14,75.5952380952381,24.0,61,37,0.6065573770491803
ev76,2021-03-15,0.0,0.0,34,16,0.47058823529411764
ev76,2021-03-16,0.0,0.0,14,5,0.35714285714285715
ev76,2021-03-17,0.0,0.0,18,12,0.6666666666666666
ev76,2021-03-18,9.0,6.5,44,26,0.5909090909090909
ev76,2021-03-19,0.0,0.0,17,10,0.5882352941176471
ev76,2021-03-20,0.0,0.0,34,14,0.4117647058823529
ev76,2021-03-21,22.00119730138679,8.571428571428571,30,20,0.6666666666666666
ev76,2021-03-22,3.333333333333333,3.333333333333333,13,6,0.46153846153846156
ev76,2021-03-23,4.659318637274549,3.0,22,13,0.5909090909090909
ev76,2021-03-24,15.166666666666666,11.5,25,15,0.6
ev76,2021-03-25,0.0,0.0,5,1,0.2
ev76,2021-03-26,0.0,0.0,2,1,0.5
ev76,2021-03-27,13.666666666666666,6.5,34,15,0.4411764705882353
ev76,2021-03-28,8.266666666666667,4.666666666666667,14,7,0.5
ev76,2021-03-29,0.0,0.0,34,9,0.2647058823529412
ev76,2021-03-30,23.0,23.0,11,5,0.45454545454545453
ev76,2021-03-31,5.2,5.2,28,15,0.5357142857142857
ev76,2021-04-01,19.5,19.0,19,7,0.3684210526315789
ev76,2021-04-02,0.0,0.0,6,2,0.3333333333333333
ev76,2021-04-03,4.4,4.4,38,15,0.39473684210526316
ev76,2021-04-04,0.0,0.0,18,5,0.2777777777777778
ga64,2021-03-07,0.0,0.0,7,6,0.8571428571428571
ga64,2021-03-08,3.3333333333333335,2.5,27,20,0.7407407407407407
ga64,2021-03-09,24.71666666666667,8.666666666666666,43,24,0.5581395348837209
ga64,2021-03-10,0.0,0.0,9,3,0.3333333333333333
ga64,2021-03-11,12.0,12.0,34,15,0.4411764705882353
ga64,2021-03-12,5.25,5.25,22,16,0.7272727272727273
ga64,2021-03-13,0.0,0.0,9,5,0.5555555555555556
ga64,2021-03-14,24.78095238095238,11.0,39,29,0.7435897435897436
ga64,2021-03-15,0.0,0.0,36,17,0.4722222222222222
ga64,2021-03-16,0.0,0.0,11,6,0.5454545454545454
ga64,2021-03-17,,,17,0,0.0
ga64,2021-03-18,0.0,0.0,18,11,0.6111111111111112
ga64,2021-03-19,27.5,22.5,37,20,0.5405405405405406
ga64,2021-03-20,2.5,2.5,21,11,0.5238095238095238
ga64,2021-03-21,2.1666666666666665,2.1666666666666665,10,5,0.5
ga64,2021-03-22,18.333333333333332,14.0,19,8,0.42105263157894735
ga64,2021-03-23,0.0,0.0,12,10,0.8333333333333334
ga64,2021-03-24,9.291666666666666,2.6666666666666665,35,27,0.7714285714285715
ga64,2021-03-25,0.0,0.0,15,8,0.5333333333333333
ga64,2021-03-26,12.583333333333332,7.333333333333333,27,14,0.5185185185185185
ga64,2021-03-27,0.0,0.0,13,5,0.38461538461538464
ga64,2021-03-28,0.0,0.0,17,12,0.7058823529411765
ga64,2021-03-29,5.5,5.5,12,9,0.75
ga64,2021-03-30,14.166666666666666,14.166666666666666,6,4,0.6666666666666666
ga64,2021-03-31,0.0,0.0,28,25,0.8928571428571429
ga64,2021-04-01,0.0,0.0,14,10,0.7142857142857143
ga64,2021-04-02,10.5,10.5,38,26,0.6842105263157895
ga64,2021-04-03,0.0,0.0,34,22,0.6470588235294118
gd81,2021-03-05,,,42,0,0.0
gd81,2021-03-06,,,53,0,0.0
gd81,2021-03-07,0.0,0.0,17,2,0.11764705882352941
gd81,2021-03-08,2.75,2.75,46,10,0.21739130434782608
gd81,2021-03-09,0.0,0.0,37,11,0.2972972972972973
gd81,2021-03-10,0.0,0.0,36,12,0.3333333333333333
gd81,2021-03-11,13.285714285714285,10.0,35,18,0.5142857142857142
gd81,2021-03-12,0.0,0.0,54,14,0.25925925925925924
gd81,2021-03-13,4.333333333333333,4.333333333333333,38,5,0.13157894736842105
gd81,2021-03-14,4.333333333333333,4.333333333333333,86,13,0.1511627906976744
gd81,2021-03-15,0.0,0.0,46,19,0.41304347826086957
gd81,2021-03-16,3.0,3.0,36,9,0.25
gd81,2021-03-17,0.0,0.0,30,9,0.3
gd81,2021-03-18,0.0,0.0,37,15,0.40540540540540543
gd81,2021-03-19,5.0,5.0,48,26,0.5416666666666666
gd81,2021-03-20,0.0,0.0,56,11,0.19642857142857142
gd81,2021-03-21,6.0,6.0,60,19,0.31666666666666665
gd81,2021-03-22,0.0,0.0,19,5,0.2631578947368421
gd81,2021-03-23,0.0,0.0,39,15,0.38461538461538464
gd81,2021-03-24,0.0,0.0,18,2,0.1111111111111111
gd81,2021-03-25,0.0,0.0,38,13,0.34210526315789475
gd81,2021-03-26,18.0,18.0,30,5,0.16666666666666666
gd81,2021-03-27,0.0,0.0,58,8,0.13793103448275862
gd81,2021-03-28,0.0,0.0,49,3,0.061224489795918366
gd81,2021-03-29,0.0,0.0,50,16,0.32
gd81,2021-03-30,0.0,0.0,36,11,0.3055555555555556
gd81,2021-03-31,3.0,3.0,55,23,0.41818181818181815
gd81,2021-04-01,4.0,4.0,28,9,0.32142857142857145
gd81,2021-04-02,0.0,0.0,33,11,0.3333333333333333
gd81,2021-04-03,12.857142857142858,10.0,28,13,0.4642857142857143
gd81,2021-04-04,0.0,0.0,27,2,0.07407407407407407
gm49,2021-03-07,,,13,0,0.0
gm49,2021-03-09,,,22,0,0.0
gm49,2021-03-11,0.0,0.0,1,1,1.0
gm49,2021-03-12,0.0,0.0,36,2,0.05555555555555555
gm49,2021-03-13,,,10,0,0.0
gm49,2021-03-14,0.0,0.0,24,2,0.08333333333333333
gm49,2021-03-15,,,14,0,0.0
gm49,2021-03-16,,,9,0,0.0
gm49,2021-03-17,0.0,0.0,1,1,1.0
gm49,2021-03-18,,,2,0,0.0
gm49,2021-03-19,,,5,0,0.0
gm49,2021-03-20,,,2,0,0.0
gm49,2021-03-21,,,2,0,0.0
gm49,2021-03-22,0.0,0.0,7,1,0.14285714285714285
gm49,2021-03-23,,,12,0,0.0
gm49,2021-03-24,0.0,0.0,7,1,0.14285714285714285
gm49,2021-03-26,0.0,0.0,8,3,0.375
gm49,2021-03-27,0.0,0.0,3,1,0.3333333333333333
gm49,2021-03-29,,,11,0,0.0
gm49,2021-03-30,0.0,0.0,2,1,0.5
gm49,2021-04-01,0.0,0.0,8,1,0.125
gm49,2021-04-02,0.0,0.0,14,4,0.2857142857142857
gm49,2021-04-04,,,1,0,0.0
gw39,2021-03-05,,,24,0,0.0
gw39,2021-03-09,0.875,0.875,11,7,0.6363636363636364
gw39,2021-03-10,0.0,0.0,4,1,0.25
gw39,2021-03-11,0.0,0.0,6,5,0.8333333333333334
gw39,2021-03-12,0.0,0.0,16,6,0.375
gw39,2021-03-13,0.0,0.0,2,1,0.5
gw39,2021-03-14,65.43095238095239,16.5,22,12,0.5454545454545454
gw39,2021-03-15,0.0,0.0,1,1,1.0
gw39,2021-03-16,3.5972222222222223,3.5972222222222223,4,2,0.5
gw39,2021-03-17,3.0,3.0,2,1,0.5
gw39,2021-03-18,9.0,9.0,5,2,0.4
gw39,2021-03-19,0.0,0.0,25,11,0.44
gw39,2021-03-20,101.0,61.0,17,3,0.17647058823529413
gw39,2021-03-21,0.0,0.0,24,7,0.2916666666666667
gw39,2021-03-22,3.6666666666666665,3.6666666666666665,7,2,0.2857142857142857
gw39,2021-03-23,0.0,0.0,6,1,0.16666666666666666
gw39,2021-03-24,5.24,5.24,4,2,0.5
gw39,2021-03-25,0.0,0.0,2,2,1.0
gw39,2021-03-26,0.0,0.0,10,6,0.6
gw39,2021-03-27,0.0,0.0,14,5,0.35714285714285715
gw39,2021-03-28,0.0,0.0,4,2,0.5
gw39,2021-03-29,0.0,0.0,6,2,0.3333333333333333
gw39,2021-03-30,0.0,0.0,1,1,1.0
gw39,2021-03-31,0.0,0.0,2,1,0.5
gw39,2021-04-01,1.7142857142857142,1.7142857142857142,4,4,1.0
gw39,2021-04-02,0.0,0.0,5,1,0.2
gw39,2021-04-03,0.0,0.0,8,2,0.25
gw39,2021-04-04,0.0,0.0,4,1,0.25
gw57,2021-03-05,,,11,0,0.0
gw57,2021-03-07,20.0,20.0,1,1,1.0
gw57,2021-03-08,0.0,0.0,40,4,0.1
gw57,2021-03-09,,,20,0,0.0
gw57,2021-03-10,386.75,330.0,13,2,0.15384615384615385
gw57,2021-03-11,,,8,0,0.0
gw57,2021-03-12,,,9,0,0.0
gw57,2021-03-13,,,10,0,0.0
gw57,2021-03-14,,,15,0,0.0
gw57,2021-03-15,,,26,0,0.0
gw57,2021-03-16,,,11,0,0.0
gw57,2021-03-17,,,17,0,0.0
gw57,2021-03-18,,,10,0,0.0
gw57,2021-03-19,0.0,0.0,8,1,0.125
gw57,2021-03-20,,,20,0,0.0
gw57,2021-03-21,,,11,0,0.0
gw57,2021-03-22,0.0,0.0,15,2,0.13333333333333333
gw57,2021-03-23,,,6,0,0.0
gw57,2021-03-24,0.0,0.0,2,1,0.5
gw57,2021-03-25,,,11,0,0.0
gw57,2021-03-26,408.625,399.0,14,4,0.2857142857142857
gw57,2021-03-27,0.0,0.0,29,1,0.034482758620689655
gw57,2021-03-28,,,20,0,0.0
gw57,2021-03-29,,,4,0,0.0
gw57,2021-03-30,,,1,0,0.0
gw57,2021-03-31,,,6,0,0.0
gw57,2021-04-01,6.0,6.0,7,1,0.14285714285714285
gw57,2021-04-02,0.0,0.0,13,2,0.15384615384615385
gw57,2021-04-03,6.0,6.0,17,2,0.11764705882352941
gw57,2021-04-04,,,18,0,0.0
hk52,2021-03-05,,,8,0,0.0
hk52,2021-03-08,40.75,40.75,47,3,0.06382978723404255
hk52,2021-03-09,10.0,10.0,15,2,0.13333333333333333
hk52,2021-03-10,5.25,5.25,9,2,0.2222222222222222
hk52,2021-03-11,,,17,0,0.0
hk52,2021-03-12,0.0,0.0,14,1,0.07142857142857142
hk52,2021-03-13,0.0,0.0,5,1,0.2
hk52,2021-03-14,18.0,13.0,55,3,0.05454545454545454
hk52,2021-03-15,20.75,15.75,4,3,0.75
hk52,2021-03-16,0.0,0.0,26,4,0.15384615384615385
hk52,2021-03-17,5.0,5.0,52,4,0.07692307692307693
hk52,2021-03-18,,,8,0,0.0
hk52,2021-03-19,91.5,67.5,69,5,0.07246376811594203
hk52,2021-03-20,5.0,4.0,62,7,0.11290322580645161
hk52,2021-03-21,109.0,97.0,38,5,0.13157894736842105
hk52,2021-03-22,13.5,7.0,28,5,0.17857142857142858
hk52,2021-03-23,11.583333333333334,6.0,87,5,0.05747126436781609
hk52,2021-03-24,1.5,1.5,35,3,0.08571428571428572
hk52,2021-03-25,112.5,112.5,29,1,0.034482758620689655
hk52,2021-03-26,0.0,0.0,27,1,0.037037037037037035
hk52,2021-03-27,0.0,0.0,45,2,0.044444444444444446
hk52,2021-03-28,17.25,10.0,47,3,0.06382978723404255
hk52,2021-03-29,5.0,5.0,42,1,0.023809523809523808
hk52,2021-03-30,31.57142857142857,10.571428571428571,45,11,0.24444444444444444
hk52,2021-03-31,0.0,0.0,35,4,0.11428571428571428
hk52,2021-04-01,0.5,0.5,39,1,0.02564102564102564
hk52,2021-04-02,12.11111111111111,7.111111111111111,40,3,0.075
hk52,2021-04-03,10.833333333333332,5.833333333333333,44,5,0.11363636363636363
hk52,2021-04-04,0.0,0.0,38,5,0.13157894736842105
hp91,2021-03-04,,,178,0,0.0
hp91,2021-03-08,0.0,0.0,5,1,0.2
hp91,2021-03-09,0.0,0.0,2,1,0.5
hp91,2021-03-10,,,3,0,0.0
hp91,2021-03-11,,,4,0,0.0
hp91,2021-03-12,0.0,0.0,33,1,0.030303030303030304
hp91,2021-03-13,0.0,0.0,2,1,0.5
hp91,2021-03-14,,,1,0,0.0
hp91,2021-03-15,0.0,0.0,6,1,0.16666666666666666
hp91,2021-03-16,0.0,0.0,39,2,0.05128205128205128
hp91,2021-03-17,,,7,0,0.0
hp91,2021-03-18,7.666666666666667,7.666666666666667,1,1,1.0
hp91,2021-03-19,,,7,0,0.0
hp91,2021-03-21,0.0,0.0,5,1,0.2
hp91,2021-03-22,,,8,0,0.0
hp91,2021-03-23,0.0,0.0,5,2,0.4
hp91,2021-03-24,0.0,0.0,5,1,0.2
hp91,2021-03-25,0.0,0.0,10,2,0.2
hp91,2021-03-27,0.0,0.0,3,1,0.3333333333333333
hp91,2021-03-28,,,2,0,0.0
hp91,2021-03-29,0.0,0.0,7,1,0.14285714285714285
hp91,2021-03-30,0.0,0.0,6,1,0.16666666666666666
hp91,2021-03-31,,,9,0,0.0
hp91,2021-04-01,9.48,9.48,11,4,0.36363636363636365
hp91,2021-04-03,0.0,0.0,2,1,0.5
it48,2021-03-05,,,2,0,0.0
it48,2021-03-08,7.166666666666667,4.666666666666667,33,13,0.3939393939393939
it48,2021-03-09,4.142857142857143,4.142857142857143,8,3,0.375
it48,2021-03-10,2.5,2.5,11,5,0.45454545454545453
it48,2021-03-11,0.0,0.0,22,3,0.13636363636363635
it48,2021-03-12,0.0,0.0,11,2,0.18181818181818182
it48,2021-03-14,0.0,0.0,44,14,0.3181818181818182
it48,2021-03-15,3.25,3.25,30,4,0.13333333333333333
it48,2021-03-16,9.2,5.2,27,6,0.2222222222222222
it48,2021-03-17,0.0,0.0,25,4,0.16
it48,2021-03-18,0.0,0.0,14,1,0.07142857142857142
it48,2021-03-19,0.0,0.0,26,7,0.2692307692307692
it48,2021-03-20,0.0,0.0,39,8,0.20512820512820512
it48,2021-03-21,4.0,2.0,65,34,0.5230769230769231
it48,2021-03-22,0.0,0.0,29,10,0.3448275862068966
it48,2021-03-23,8.5,6.0,10,3,0.3
it48,2021-03-24,1.6666666666666667,1.6666666666666667,28,6,0.21428571428571427
it48,2021-03-25,0.0,0.0,20,1,0.05
it48,2021-03-26,14.777777777777779,7.0,37,7,0.1891891891891892
it48,2021-03-27,0.0,0.0,7,3,0.42857142857142855
it48,2021-03-28,0.0,0.0,10,1,0.1
it48,2021-03-29,0.0,0.0,26,4,0.15384615384615385
it48,2021-03-30,0.0,0.0,32,8,0.25
it48,2021-03-31,0.0,0.0,3,3,1.0
it48,2021-04-01,15.5,15.5,18,5,0.2777777777777778
it48,2021-04-02,0.0,0.0,14,5,0.35714285714285715
it48,2021-04-03,,,22,0,0.0
it48,2021-04-04,26.666666666666668,26.666666666666668,7,2,0.2857142857142857
ka67,2021-03-04,,,28,0,0.0
ka67,2021-03-08,0.0,0.0,25,10,0.4
ka67,2021-03-09,0.0,0.0,34,4,0.11764705882352941
ka67,2021-03-10,0.0,0.0,24,1,0.041666666666666664
ka67,2021-03-11,41.0,41.0,15,1,0.06666666666666667
ka67,2021-03-12,,,32,0,0.0
ka67,2021-03-13,,,7,0,0.0
ka67,2021-03-14,0.0,0.0,38,4,0.10526315789473684
ka67,2021-03-15,0.0,0.0,15,1,0.06666666666666667
ka67,2021-03-16,0.0,0.0,15,1,0.06666666666666667
ka67,2021-03-17,,,3,0,0.0
ka67,2021-03-18,0.0,0.0,35,2,0.05714285714285714
ka67,2021-03-19,,,23,0,0.0
ka67,2021-03-20,0.0,0.0,63,4,0.06349206349206349
ka67,2021-03-21,,,41,0,0.0
ka67,2021-03-22,,,20,0,0.0
ka67,2021-03-23,1.2222222222222223,1.2222222222222223,8,2,0.25
ka67,2021-03-24,,,8,0,0.0
ka67,2021-03-25,31.0,31.0,17,3,0.17647058823529413
ka67,2021-03-26,183.0,183.0,45,5,0.1111111111111111
ka67,2021-03-27,0.0,0.0,20,3,0.15
ka67,2021-03-28,0.0,0.0,42,6,0.14285714285714285
ka67,2021-03-29,,,11,0,0.0
ka67,2021-03-30,0.0,0.0,3,1,0.3333333333333333
ka67,2021-03-31,0.0,0.0,15,1,0.06666666666666667
ka67,2021-04-01,0.0,0.0,46,7,0.15217391304347827
ka67,2021-04-02,0.0,0.0,7,5,0.7142857142857143
ka67,2021-04-03,0.0,0.0,22,2,0.09090909090909091
kb24,2021-03-06,,,7,0,0.0
kb24,2021-03-11,0.0,0.0,13,4,0.3076923076923077
kb24,2021-03-12,0.0,0.0,9,2,0.2222222222222222
kb24,2021-03-13,5.5,5.5,2,1,0.5
kb24,2021-03-14,0.0,0.0,12,3,0.25
kb24,2021-03-15,0.0,0.0,57,7,0.12280701754385964
kb24,2021-03-16,2.5,2.5,9,2,0.2222222222222222
kb24,2021-03-17,0.0,0.0,6,3,0.5
kb24,2021-03-18,0.0,0.0,3,1,0.3333333333333333
kb24,2021-03-19,0.0,0.0,3,2,0.6666666666666666
kb24,2021-03-20,,,3,0,0.0
kb24,2021-03-21,0.0,0.0,1,1,1.0
kb24,2021-03-22,,,4,0,0.0
kb24,2021-03-23,0.0,0.0,3,1,0.3333333333333333
kb24,2021-03-25,0.0,0.0,1,1,1.0
kb24,2021-03-28,0.0,0.0,4,1,0.25
kb24,2021-03-29,0.0,0.0,12,3,0.25
kb24,2021-03-31,0.0,0.0,7,1,0.14285714285714285
kb24,2021-04-02,,,2,0,0.0
kb24,2021-04-03,,,1,0,0.0
kb24,2021-04-04,,,3,0,0.0
kb24,2021-04-05,,,6,0,0.0
kb24,2021-04-06,,,3,0,0.0
kb24,2021-04-07,,,3,0,0.0
kn13,2021-03-10,,,1,0,0.0
kn13,2021-03-11,,,3,0,0.0
kn13,2021-03-12,,,1,0,0.0
kn13,2021-03-13,0.0,0.0,12,3,0.25
kn13,2021-03-14,0.0,0.0,21,4,0.19047619047619047
kn13,2021-03-16,0.0,0.0,13,4,0.3076923076923077
kn13,2021-03-17,0.0,0.0,9,5,0.5555555555555556
kn13,2021-03-18,0.0,0.0,13,6,0.46153846153846156
kn13,2021-03-19,0.0,0.0,19,3,0.15789473684210525
kn13,2021-03-21,6.0,6.0,8,4,0.5
kn13,2021-03-22,,,1,0,0.0
kn13,2021-03-23,0.0,0.0,17,10,0.5882352941176471
kn13,2021-03-24,,,11,0,0.0
kn13,2021-03-25,0.0,0.0,19,6,0.3157894736842105
kn13,2021-03-26,20.0,20.0,17,9,0.5294117647058824
kn13,2021-03-28,0.0,0.0,10,6,0.6
kn13,2021-03-29,,,2,0,0.0
kn13,2021-03-30,0.0,0.0,27,8,0.2962962962962963
kn13,2021-03-31,,,8,0,0.0
kn13,2021-04-01,0.0,0.0,17,2,0.11764705882352941
md23,2021-03-04,,,23,0,0.0
md23,2021-03-07,,,1,0,0.0
md23,2021-03-08,18.902097902097903,13.0,41,9,0.21951219512195122
md23,2021-03-09,,,10,0,0.0
md23,2021-03-10,0.0,0.0,2,1,0.5
md23,2021-03-11,122.0,122.0,20,8,0.4
md23,2021-03-12,0.0,0.0,10,2,0.2
md23,2021-03-13,5.5,5.5,27,5,0.18518518518518517
md23,2021-03-14,4.142857142857143,4.142857142857143,10,3,0.3
md23,2021-03-15,,,5,0,0.0
md23,2021-03-16,,,2,0,0.0
md23,2021-03-17,0.0,0.0,11,6,0.5454545454545454
md23,2021-03-18,,,3,0,0.0
md23,2021-03-19,29.0,27.0,45,14,0.3111111111111111
md23,2021-03-20,3.1666666666666665,3.1666666666666665,12,5,0.4166666666666667
md23,2021-03-21,0.0,0.0,39,7,0.1794871794871795
md23,2021-03-22,0.0,0.0,12,3,0.25
md23,2021-03-23,0.0,0.0,2,1,0.5
md23,2021-03-24,22.25,22.25,37,2,0.05405405405405406
md23,2021-03-25,,,11,0,0.0
md23,2021-03-26,0.0,0.0,27,3,0.1111111111111111
md23,2021-03-27,,,6,0,0.0
md23,2021-03-28,4.5,4.5,8,2,0.25
md23,2021-03-29,3.4,3.4,12,4,0.3333333333333333
md23,2021-03-30,,,3,0,0.0
md23,2021-03-31,32.0,32.0,31,8,0.25806451612903225
md23,2021-04-01,0.0,0.0,10,3,0.3
md23,2021-04-02,3.2,3.2,12,5,0.4166666666666667
md23,2021-04-03,18.33333333333333,18.33333333333333,19,4,0.21052631578947367
md23,2021-04-04,0.0,0.0,12,2,0.16666666666666666
md23,2021-04-05,0.0,0.0,6,1,0.16666666666666666
mg25,2021-03-08,,,23,0,0.0
mg25,2021-03-09,,,26,0,0.0
mg25,2021-03-10,1.181818181818182,1.181818181818182,22,1,0.045454545454545456
mg25,2021-03-27,,,4,0,0.0
mg25,2021-03-28,,,21,0,0.0
mg25,2021-03-29,,,8,0,0.0
mg25,2021-03-30,,,3,0,0.0
mg25,2021-03-31,,,12,0,0.0
mg25,2021-04-01,,,1,0,0.0
mg25,2021-04-02,1.4166666666666667,1.4166666666666667,13,1,0.07692307692307693
mg25,2021-04-03,,,6,0,0.0
mg25,2021-04-04,,,34,0,0.0
mh40,2021-03-04,,,74,0,0.0
mh40,2021-03-07,0.0,0.0,1,1,1.0
mh40,2021-03-08,1.4166666666666667,1.4166666666666667,43,27,0.627906976744186
mh40,2021-03-09,41.1,35.5,92,36,0.391304347826087
mh40,2021-03-10,7.0,5.333333333333333,65,39,0.6
mh40,2021-03-11,9.266666666666667,5.666666666666667,65,37,0.5692307692307692
mh40,2021-03-12,75.0,31.666666666666668,82,48,0.5853658536585366
mh40,2021-03-13,61.425,35.0,44,24,0.5454545454545454
mh40,2021-03-14,3.8666666666666663,2.4,62,31,0.5
mh40,2021-03-15,17.84285714285714,4.333333333333333,65,47,0.7230769230769231
mh40,2021-03-16,3.166666666666667,2.0,49,38,0.7755102040816326
mh40,2021-03-17,42.43333333333334,19.25,52,28,0.5384615384615384
mh40,2021-03-18,26.33333333333333,26.33333333333333,76,28,0.3684210526315789
mh40,2021-03-19,8.125,5.625,67,23,0.34328358208955223
mh40,2021-03-20,0.0,0.0,47,22,0.46808510638297873
mh40,2021-03-21,45.13333333333333,12.666666666666666,50,24,0.48
mh40,2021-03-22,20.236011904761906,10.871428571428572,71,21,0.29577464788732394
mh40,2021-03-23,3.0,3.0,50,23,0.46
mh40,2021-03-24,68.11111111111111,56.0,76,31,0.40789473684210525
mh40,2021-03-25,11.0,11.0,39,13,0.3333333333333333
mh40,2021-03-26,140.73571428571427,130.2,25,17,0.68
mh40,2021-03-27,39.225,23.6,57,32,0.5614035087719298
mh40,2021-03-28,25.80952380952381,15.0,78,24,0.3076923076923077
mh40,2021-03-29,15.6,8.5,91,49,0.5384615384615384
mh40,2021-03-31,99.5,93.5,50,28,0.56
mh40,2021-04-01,3.8,3.8,43,25,0.5813953488372093
mh40,2021-04-02,3.333333333333333,3.333333333333333,31,14,0.45161290322580644
mh40,2021-04-03,11.142857142857142,11.142857142857142,40,28,0.7
mh40,2021-04-04,0.0,0.0,84,34,0.40476190476190477
nd56,2021-03-04,,,33,0,0.0
nd56,2021-03-05,,,71,0,0.0
nd56,2021-03-06,,,60,0,0.0
nd56,2021-03-07,0.0,0.0,87,1,0.011494252873563218
nd56,2021-03-08,57.475,34.0,143,23,0.16083916083916083
nd56,2021-03-09,29.875,15.0,107,20,0.18691588785046728
nd56,2021-03-10,66.0,45.0,114,28,0.24561403508771928
nd56,2021-03-11,80.11904761904762,52.0,120,30,0.25
nd56,2021-03-12,48.75,22.0,129,36,0.27906976744186046
nd56,2021-03-13,60.90833333333333,10.5,166,20,0.12048192771084337
nd56,2021-03-14,47.5,20.666666666666668,82,17,0.2073170731707317
nd56,2021-03-15,45.32222222222222,21.666666666666668,127,14,0.11023622047244094
nd56,2021-03-16,46.74523809523809,14.4,162,31,0.19135802469135801
nd56,2021-03-17,16.0,7.333333333333333,130,15,0.11538461538461539
nd56,2021-03-19,329.58809523809526,136.0,171,41,0.23976608187134502
nd56,2021-03-20,131.56547619047618,56.0,108,45,0.4166666666666667
nd56,2021-03-21,63.75,38.0,89,22,0.24719101123595505
nd56,2021-03-22,0.0,0.0,31,10,0.3225806451612903
nd56,2021-03-23,0.0,0.0,18,5,0.2777777777777778
nd56,2021-03-24,3.75,3.75,36,8,0.2222222222222222
nd56,2021-03-25,24.0,20.0,68,15,0.22058823529411764
nd56,2021-03-26,8.88888888888889,7.0,85,17,0.2
nd56,2021-03-27,39.87738095238095,8.333333333333334,172,44,0.2558139534883721
nd56,2021-03-28,0.0,0.0,104,11,0.10576923076923077
nd56,2021-03-29,0.0,0.0,68,12,0.17647058823529413
nd56,2021-03-30,36.15384615384615,31.0,39,10,0.2564102564102564
nd56,2021-03-31,7.666666666666667,7.666666666666667,54,7,0.12962962962962962
nd56,2021-04-01,0.0,0.0,42,5,0.11904761904761904
nd56,2021-04-02,5.0,5.0,29,6,0.20689655172413793
nd56,2021-04-03,8.95,6.75,139,14,0.10071942446043165
nd56,2021-04-04,25.2,25.2,31,2,0.06451612903225806
pg18,2021-03-08,0.0,0.0,19,1,0.05263157894736842
pg18,2021-03-09,0.0,0.0,40,6,0.15
pg18,2021-03-10,,,4,0,0.0
pg18,2021-03-11,0.0,0.0,15,1,0.06666666666666667
pg18,2021-03-12,0.0,0.0,11,1,0.09090909090909091
pg18,2021-03-13,0.0,0.0,3,1,0.3333333333333333
pg18,2021-03-14,0.0,0.0,6,2,0.3333333333333333
pg18,2021-03-15,0.0,0.0,13,1,0.07692307692307693
pg18,2021-03-16,0.0,0.0,14,2,0.14285714285714285
pg18,2021-03-17,,,10,0,0.0
pg18,2021-03-18,0.0,0.0,13,1,0.07692307692307693
pg18,2021-03-19,,,3,0,0.0
pg18,2021-03-20,0.0,0.0,9,1,0.1111111111111111
pg18,2021-03-21,0.0,0.0,3,1,0.3333333333333333
pg18,2021-03-22,0.0,0.0,20,2,0.1
pg18,2021-03-23,0.0,0.0,6,1,0.16666666666666666
pg18,2021-03-24,0.0,0.0,10,2,0.2
pg18,2021-03-25,0.0,0.0,5,1,0.2
pg18,2021-03-26,,,9,0,0.0
pg18,2021-03-27,2.166666666666667,1.6666666666666667,4,3,0.75
pg18,2021-03-28,,,9,0,0.0
pg18,2021-03-29,,,9,0,0.0
pg18,2021-03-30,,,2,0,0.0
pg18,2021-03-31,,,4,0,0.0
pg18,2021-04-01,0.0,0.0,15,1,0.06666666666666667
pg18,2021-04-02,0.0,0.0,17,5,0.29411764705882354
pg18,2021-04-04,0.0,0.0,3,2,0.6666666666666666
pg18,2021-04-05,,,3,0,0.0
pm96,2021-03-06,,,21,0,0.0
pm96,2021-03-07,,,59,0,0.0
pm96,2021-03-08,2.0,2.0,38,8,0.21052631578947367
pm96,2021-03-09,106.2,99.0,52,16,0.3076923076923077
pm96,2021-03-10,0.0,0.0,49,13,0.2653061224489796
pm96,2021-03-11,4.75,4.75,30,9,0.3
pm96,2021-03-12,0.0,0.0,72,4,0.05555555555555555
pm96,2021-03-13,6.0,6.0,25,5,0.2
pm96,2021-03-14,2.2,2.2,56,20,0.35714285714285715
pm96,2021-03-15,0.0,0.0,27,3,0.1111111111111111
pm96,2021-03-16,0.0,0.0,37,4,0.10810810810810811
pm96,2021-03-17,10.25,10.25,28,5,0.17857142857142858
pm96,2021-03-18,61.16666666666666,55.66666666666666,43,8,0.18604651162790697
pm96,2021-03-19,390.1666666666667,198.0,56,25,0.44642857142857145
pm96,2021-03-20,5.4,5.4,40,15,0.375
pm96,2021-03-21,31.1,15.0,58,32,0.5517241379310345
pm96,2021-03-22,0.0,0.0,24,3,0.125
pm96,2021-03-23,2.5,2.5,35,11,0.3142857142857143
pm96,2021-03-24,1.1428571428571428,1.1428571428571428,33,7,0.21212121212121213
pm96,2021-03-25,68.25,60.0,47,9,0.19148936170212766
pm96,2021-03-26,10.0,5.0,46,17,0.3695652173913043
pm96,2021-03-27,0.0,0.0,11,2,0.18181818181818182
pm96,2021-03-28,7.5,5.0,93,23,0.24731182795698925
pm96,2021-03-29,0.0,0.0,19,3,0.15789473684210525
pm96,2021-03-30,0.0,0.0,27,5,0.18518518518518517
pm96,2021-03-31,0.0,0.0,7,3,0.42857142857142855
pm96,2021-04-01,21.666666666666664,11.0,46,12,0.2608695652173913
pm96,2021-04-02,42.0,42.0,49,5,0.10204081632653061
pm96,2021-04-03,0.0,0.0,34,4,0.11764705882352941
pm96,2021-04-04,0.0,0.0,38,12,0.3157894736842105
pm96,2021-04-05,,,1,0,0.0
pw85,2021-03-04,,,1,0,0.0
pw85,2021-03-08,0.0,0.0,19,7,0.3684210526315789
pw85,2021-03-09,5.4523809523809526,4.166666666666667,47,19,0.40425531914893614
pw85,2021-03-10,16.29638752052545,9.5,18,6,0.3333333333333333
pw85,2021-03-11,2.1666666666666665,2.1666666666666665,19,3,0.15789473684210525
pw85,2021-03-12,12.18421052631579,10.5,26,10,0.38461538461538464
pw85,2021-03-13,137.16666666666669,43.0,91,46,0.5054945054945055
pw85,2021-03-14,,,2,0,0.0
pw85,2021-03-15,0.0,0.0,5,1,0.2
pw85,2021-03-16,0.0,0.0,28,9,0.32142857142857145
pw85,2021-03-17,0.0,0.0,35,12,0.34285714285714286
pw85,2021-03-18,5.5,5.5,58,14,0.2413793103448276
pw85,2021-03-19,,,38,0,0.0
pw85,2021-03-20,0.0,0.0,71,17,0.23943661971830985
pw85,2021-03-21,8.333333333333334,8.333333333333334,71,17,0.23943661971830985
pw85,2021-03-22,18.166666666666664,10.666666666666666,50,16,0.32
pw85,2021-03-23,0.0,0.0,28,7,0.25
pw85,2021-03-24,11.455555555555556,5.9,26,8,0.3076923076923077
pw85,2021-03-25,0.0,0.0,37,8,0.21621621621621623
pw85,2021-03-26,2.1666666666666665,2.1666666666666665,27,10,0.37037037037037035
pw85,2021-03-28,0.0,0.0,32,5,0.15625
pw85,2021-03-29,0.0,0.0,28,15,0.5357142857142857
pw85,2021-03-30,0.5,0.5,13,6,0.46153846153846156
pw85,2021-03-31,,,13,0,0.0
pw85,2021-04-01,,,13,0,0.0
pw85,2021-04-02,,,5,0,0.0
pw85,2021-04-03,,,2,0,0.0
rb86,2021-03-04,,,11,0,0.0
rb86,2021-03-05,,,36,0,0.0
rb86,2021-03-06,,,25,0,0.0
rb86,2021-03-07,,,25,0,0.0
rb86,2021-03-08,2.6,2.6,26,13,0.5
rb86,2021-03-09,2.5,2.5,10,1,0.1
rb86,2021-03-10,3.333333333333333,3.333333333333333,33,21,0.6363636363636364
rb86,2021-03-11,19.5,12.0,13,6,0.46153846153846156
rb86,2021-03-12,3.75,3.0,13,5,0.38461538461538464
rb86,2021-03-13,0.0,0.0,11,7,0.6363636363636364
rb86,2021-03-14,0.0,0.0,54,11,0.2037037037037037
rb86,2021-03-15,6.4,6.4,11,4,0.36363636363636365
rb86,2021-03-16,0.0,0.0,19,9,0.47368421052631576
rb86,2021-03-17,0.0,0.0,18,6,0.3333333333333333
rb86,2021-03-18,0.0,0.0,28,4,0.14285714285714285
rb86,2021-03-19,0.0,0.0,6,4,0.6666666666666666
rb86,2021-03-20,60.5,58.0,20,4,0.2
rb86,2021-03-21,0.0,0.0,20,3,0.15
rb86,2021-03-22,26.0,26.0,11,3,0.2727272727272727
rb86,2021-03-23,0.0,0.0,22,5,0.22727272727272727
rb86,2021-03-24,26.0,26.0,11,4,0.36363636363636365
rb86,2021-03-25,0.0,0.0,16,6,0.375
rb86,2021-03-26,4.4,4.4,21,9,0.42857142857142855
rb86,2021-03-27,0.0,0.0,28,10,0.35714285714285715
rb86,2021-03-28,0.0,0.0,33,4,0.12121212121212122
rb86,2021-03-29,22.833333333333332,10.0,37,11,0.2972972972972973
rb86,2021-03-30,0.0,0.0,14,8,0.5714285714285714
rb86,2021-03-31,24.8,22.0,18,7,0.3888888888888889
rb86,2021-04-01,5.333333333333333,5.333333333333333,12,4,0.3333333333333333
rb86,2021-04-02,0.0,0.0,15,7,0.4666666666666667
rb86,2021-04-03,0.0,0.0,14,7,0.5
rb86,2021-04-04,0.0,0.0,7,1,0.14285714285714285
rb86,2021-04-05,,,3,0,0.0
rw83,2021-03-08,24.35,13.0,61,38,0.6229508196721312
rw83,2021-03-09,12.833333333333332,7.5,65,20,0.3076923076923077
rw83,2021-03-10,43.44155844155844,10.0,53,24,0.4528301886792453
rw83,2021-03-11,54.75,33.0,75,36,0.48
rw83,2021-03-12,47.66666666666667,29.0,50,11,0.22
rw83,2021-03-13,49.128571428571426,19.0,76,34,0.4473684210526316
rw83,2021-03-14,23.30952380952381,10.5,55,23,0.41818181818181815
rw83,2021-03-15,145.47069597069594,38.92307692307692,63,22,0.3492063492063492
rw83,2021-03-16,15.383838383838384,6.0,64,30,0.46875
rw83,2021-03-17,91.74743589743589,44.0,58,28,0.4827586206896552
rw83,2021-03-18,62.17420634920635,26.0,48,24,0.5
rw83,2021-03-19,75.06785714285715,20.25,37,21,0.5675675675675675
rw83,2021-03-20,32.916666666666664,12.5,41,25,0.6097560975609756
rw83,2021-03-21,22.083333333333332,8.5,26,15,0.5769230769230769
rw83,2021-03-22,18.8,12.0,84,43,0.5119047619047619
rw83,2021-03-23,15.666666666666668,11.0,64,25,0.390625
rw83,2021-03-24,17.5,12.0,78,14,0.1794871794871795
rw83,2021-03-25,40.69444444444444,13.0,69,31,0.4492753623188406
rw83,2021-03-26,48.0,25.0,56,30,0.5357142857142857
rw83,2021-03-27,6.151515151515151,3.333333333333333,32,20,0.625
rw83,2021-03-28,24.65,18.75,65,32,0.49230769230769234
rw83,2021-03-29,67.83333333333333,49.5,56,30,0.5357142857142857
rw83,2021-03-30,90.32380952380952,22.0,69,41,0.5942028985507246
rw83,2021-03-31,68.32142857142856,30.33333333333333,80,47,0.5875
rw83,2021-04-01,75.71153846153845,19.33333333333333,108,63,0.5833333333333334
rw83,2021-04-02,0.0,0.0,80,28,0.35
rw83,2021-04-03,10.0,6.5,28,7,0.25
rw83,2021-04-04,0.0,0.0,6,2,0.3333333333333333
ry23,2021-03-05,,,15,0,0.0
ry23,2021-03-08,3.6666666666666665,3.6666666666666665,6,2,0.3333333333333333
ry23,2021-03-09,,,5,0,0.0
ry23,2021-03-10,0.0,0.0,3,1,0.3333333333333333
ry23,2021-03-11,,,1,0,0.0
ry23,2021-03-12,0.0,0.0,47,11,0.23404255319148937
ry23,2021-03-13,0.0,0.0,17,4,0.23529411764705882
ry23,2021-03-15,,,1,0,0.0
ry23,2021-03-16,,,2,0,0.0
ry23,2021-03-17,0.0,0.0,7,1,0.14285714285714285
ry23,2021-03-18,0.0,0.0,9,4,0.4444444444444444
ry23,2021-03-20,6.428571428571429,3.0,14,11,0.7857142857142857
ry23,2021-03-21,3.0,3.0,4,3,0.75
ry23,2021-03-22,,,3,0,0.0
ry23,2021-03-23,2.75,2.75,11,5,0.45454545454545453
ry23,2021-03-24,0.0,0.0,11,8,0.7272727272727273
ry23,2021-03-25,0.0,0.0,47,13,0.2765957446808511
ry23,2021-03-26,30.133333333333333,21.3,12,6,0.5
ry23,2021-03-27,0.0,0.0,1,1,1.0
ry23,2021-03-28,0.0,0.0,7,4,0.5714285714285714
ry23,2021-03-29,3.333333333333333,3.333333333333333,3,1,0.3333333333333333
ry23,2021-03-30,4.5,4.5,15,6,0.4
ry23,2021-03-31,0.0,0.0,6,3,0.5
ry23,2021-04-01,192.76666666666665,95.6,16,12,0.75
ry23,2021-04-02,,,1,0,0.0
ry23,2021-04-03,2.0,2.0,12,4,0.3333333333333333
ry23,2021-04-04,0.0,0.0,4,3,0.75
ry23,2021-04-05,,,5,0,0.0
sc27,2021-03-05,,,1,0,0.0
sc27,2021-03-07,,,1,0,0.0
sc27,2021-03-08,0.0,0.0,13,1,0.07692307692307693
sc27,2021-03-09,,,6,0,0.0
sc27,2021-03-10,0.0,0.0,44,1,0.022727272727272728
sc27,2021-03-12,,,6,0,0.0
sc27,2021-03-13,0.0,0.0,18,1,0.05555555555555555
sc27,2021-03-14,2.9411764705882355,2.9411764705882355,8,1,0.125
sc27,2021-03-15,,,4,0,0.0
sc27,2021-03-16,,,9,0,0.0
sc27,2021-03-17,,,10,0,0.0
sc27,2021-03-18,,,2,0,0.0
sc27,2021-03-19,,,1,0,0.0
sc27,2021-03-20,,,5,0,0.0
sc27,2021-03-21,,,8,0,0.0
sc27,2021-03-22,,,5,0,0.0
sc27,2021-03-23,,,11,0,0.0
sc27,2021-03-24,,,3,0,0.0
sc27,2021-03-25,,,2,0,0.0
sc27,2021-03-26,,,3,0,0.0
sc27,2021-03-27,,,18,0,0.0
sc27,2021-03-28,0.0,0.0,29,1,0.034482758620689655
sc27,2021-03-29,,,3,0,0.0
sc27,2021-03-30,,,2,0,0.0
sc27,2021-03-31,,,7,0,0.0
sc27,2021-04-01,,,2,0,0.0
sc27,2021-04-02,,,1,0,0.0
sc27,2021-04-03,0.0,0.0,26,1,0.038461538461538464
sh29,2021-03-04,,,91,0,0.0
sh29,2021-03-07,0.0,0.0,3,2,0.6666666666666666
sh29,2021-03-08,18.06060606060606,5.0,98,52,0.5306122448979592
sh29,2021-03-09,73.73333333333333,12.0,106,47,0.44339622641509435
sh29,2021-03-10,235.5666666666667,74.75,89,51,0.5730337078651685
sh29,2021-03-11,47.68636363636364,31.0,86,46,0.5348837209302325
sh29,2021-03-12,28.649999999999995,14.166666666666666,79,38,0.4810126582278481
sh29,2021-03-13,82.68333333333334,40.0,105,46,0.4380952380952381
sh29,2021-03-14,13.666666666666668,5.666666666666667,107,42,0.3925233644859813
sh29,2021-03-15,90.45024420024421,31.33333333333333,127,91,0.7165354330708661
sh29,2021-03-16,31.166666666666664,18.5,80,45,0.5625
sh29,2021-03-17,95.22222222222223,47.0,98,50,0.5102040816326531
sh29,2021-03-18,26.6,10.6,89,39,0.43820224719101125
sh29,2021-03-19,137.26666666666665,85.0,58,20,0.3448275862068966
sh29,2021-03-20,33.88333333333333,12.5,77,38,0.4935064935064935
sh29,2021-03-21,17.041666666666664,10.125,112,38,0.3392857142857143
sh29,2021-03-22,16.666666666666664,10.666666666666666,60,27,0.45
sh29,2021-03-23,78.82597402597403,26.75,91,47,0.5164835164835165
sh29,2021-03-24,15.042857142857143,7.0,52,30,0.5769230769230769
sh29,2021-03-25,38.75,36.25,94,40,0.425531914893617
sh29,2021-03-26,71.05,28.25,75,35,0.4666666666666667
sh29,2021-03-27,26.33333333333333,26.33333333333333,63,28,0.4444444444444444
sh29,2021-03-28,131.16666666666669,88.0,104,41,0.3942307692307692
sh29,2021-03-29,37.36666666666667,26.2,80,30,0.375
sh29,2021-03-30,6.5,4.0,53,30,0.5660377358490566
sh29,2021-03-31,119.19047619047619,74.0,121,60,0.49586776859504134
sh29,2021-04-01,0.0,0.0,97,58,0.5979381443298969
sh29,2021-04-02,27.066666666666666,20.666666666666668,41,27,0.6585365853658537
sh29,2021-04-03,,,1,0,0.0
sm34,2021-03-06,,,7,0,0.0
sm34,2021-03-08,21.0,21.0,12,4,0.3333333333333333
sm34,2021-03-09,0.0,0.0,8,2,0.25
sm34,2021-03-10,,,5,0,0.0
sm34,2021-03-11,,,8,0,0.0
sm34,2021-03-12,0.0,0.0,4,1,0.25
sm34,2021-03-13,,,3,0,0.0
sm34,2021-03-15,0.0,0.0,5,1,0.2
sm34,2021-03-16,0.0,0.0,19,5,0.2631578947368421
sm34,2021-03-17,7.589743589743589,5.0,8,5,0.625
sm34,2021-03-18,0.0,0.0,23,5,0.21739130434782608
sm34,2021-03-19,0.0,0.0,42,1,0.023809523809523808
sm34,2021-03-20,0.0,0.0,38,9,0.23684210526315788
sm34,2021-03-21,,,11,0,0.0
sm34,2021-03-23,0.0,0.0,2,1,0.5
sm34,2021-03-24,,,3,0,0.0
sm34,2021-03-25,0.6666666666666666,0.6666666666666666,8,4,0.5
sm34,2021-03-26,0.0,0.0,4,3,0.75
sm34,2021-03-27,5.5,5.5,32,8,0.25
sm34,2021-03-28,0.0,0.0,2,2,1.0
sm34,2021-03-29,0.0,0.0,5,1,0.2
sm34,2021-03-30,0.0,0.0,7,1,0.14285714285714285
sm34,2021-03-31,0.0,0.0,6,2,0.3333333333333333
sm34,2021-04-01,,,4,0,0.0
sm34,2021-04-02,,,8,0,0.0
sp33,2021-03-04,,,4,0,0.0
sp33,2021-03-08,0.0,0.0,42,5,0.11904761904761904
sp33,2021-03-09,0.0,0.0,7,1,0.14285714285714285
sp33,2021-03-10,0.0,0.0,19,3,0.15789473684210525
sp33,2021-03-11,0.0,0.0,50,4,0.08
sp33,2021-03-12,0.0,0.0,36,12,0.3333333333333333
sp33,2021-03-13,0.0,0.0,18,5,0.2777777777777778
sp33,2021-03-14,0.0,0.0,13,3,0.23076923076923078
sp33,2021-03-15,5.0,5.0,21,7,0.3333333333333333
sp33,2021-03-17,0.0,0.0,15,3,0.2
sp33,2021-03-18,0.0,0.0,13,3,0.23076923076923078
sp33,2021-03-19,0.0,0.0,24,6,0.25
sp33,2021-03-20,11.0,11.0,44,15,0.3409090909090909
sp33,2021-03-21,0.0,0.0,26,3,0.11538461538461539
sp33,2021-03-22,,,11,0,0.0
sp33,2021-03-23,3.333333333333333,3.333333333333333,22,4,0.18181818181818182
sp33,2021-03-24,0.0,0.0,12,3,0.25
sp33,2021-03-25,,,5,0,0.0
sp33,2021-03-26,0.0,0.0,15,8,0.5333333333333333
sp33,2021-03-27,0.0,0.0,24,9,0.375
sp33,2021-03-28,14.0,14.0,40,7,0.175
sp33,2021-03-29,11.275,6.875,33,12,0.36363636363636365
sp33,2021-03-30,46.5,46.5,20,3,0.15
sp33,2021-03-31,3.5,3.5,4,1,0.25
sp33,2021-04-01,119.33333333333334,69.0,26,7,0.2692307692307692
sp33,2021-04-02,0.0,0.0,12,7,0.5833333333333334
sp33,2021-04-03,96.91666666666669,91.66666666666669,70,21,0.3
sp33,2021-04-04,0.0,0.0,29,9,0.3103448275862069
te43,2021-03-04,,,28,0,0.0
te43,2021-03-08,312.3690476190476,231.0,83,49,0.5903614457831325
te43,2021-03-09,,,6,0,0.0
te43,2021-03-10,24.651515151515152,13.5,70,24,0.34285714285714286
te43,2021-03-11,2.5,2.5,20,9,0.45
te43,2021-03-12,44.36904761904762,14.333333333333334,72,31,0.4305555555555556
te43,2021-03-13,10.083333333333332,5.75,16,11,0.6875
te43,2021-03-14,383.7307692307692,374.0,64,30,0.46875
te43,2021-03-15,3.4,3.4,54,24,0.4444444444444444
te43,2021-03-16,15.333333333333332,11.0,37,14,0.3783783783783784
te43,2021-03-17,78.91666666666667,55.75,40,20,0.5
te43,2021-03-18,19.066666666666666,9.333333333333334,28,21,0.75
te43,2021-03-19,15.0,15.0,28,13,0.4642857142857143
te43,2021-03-20,0.0,0.0,26,14,0.5384615384615384
te43,2021-03-21,87.83077949304365,34.0,68,39,0.5735294117647058
te43,2021-03-22,7.833333333333333,5.333333333333333,36,18,0.5
te43,2021-03-23,44.36666666666667,16.666666666666668,32,17,0.53125
te43,2021-03-24,198.57919799498745,171.5,86,51,0.5930232558139535
te43,2021-03-25,34.083333333333336,11.0,52,34,0.6538461538461539
te43,2021-03-26,97.5,97.5,7,2,0.2857142857142857
te43,2021-03-27,34.48809523809524,10.0,77,44,0.5714285714285714
te43,2021-03-28,67.4,45.0,70,22,0.3142857142857143
te43,2021-03-29,8.3,3.4,28,24,0.8571428571428571
te43,2021-03-30,0.0,0.0,11,7,0.6363636363636364
te43,2021-03-31,125.6025641025641,71.5,56,35,0.625
te43,2021-04-01,25.928571428571427,23.5,76,14,0.18421052631578946
te43,2021-04-02,12.007142857142856,3.75,51,37,0.7254901960784313
te43,2021-04-03,78.94447219447218,25.5,89,53,0.5955056179775281
te43,2021-04-04,33.016666666666666,20.6,77,47,0.6103896103896104
ub12,2021-03-04,,,64,0,0.0
ub12,2021-03-05,,,84,0,0.0
ub12,2021-03-06,,,90,0,0.0
ub12,2021-03-07,0.0,0.0,86,7,0.08139534883720931
ub12,2021-03-08,28.214285714285715,13.714285714285714,68,33,0.4852941176470588
ub12,2021-03-09,68.0,62.0,87,41,0.47126436781609193
ub12,2021-03-10,20.7,18.8,78,37,0.47435897435897434
ub12,2021-03-11,19.58421052631579,6.5,52,22,0.4230769230769231
ub12,2021-03-12,0.0,0.0,38,12,0.3157894736842105
ub12,2021-03-13,47.5,34.5,79,41,0.5189873417721519
ub12,2021-03-14,48.11666666666667,26.5,113,61,0.5398230088495575
ub12,2021-03-15,5.166666666666667,5.166666666666667,100,49,0.49
ub12,2021-03-16,213.56666666666666,198.5,92,43,0.4673913043478261
ub12,2021-03-17,5.3,2.8,105,47,0.44761904761904764
ub12,2021-03-18,44.666666666666664,32.0,80,39,0.4875
ub12,2021-03-19,42.55555555555556,21.0,83,42,0.5060240963855421
ub12,2021-03-20,380.1172161172161,337.0,106,43,0.4056603773584906
ub12,2021-03-21,49.3,25.0,74,29,0.3918918918918919
ub12,2021-03-22,9.933333333333334,5.333333333333333,102,43,0.4215686274509804
ub12,2021-03-23,41.5,39.833333333333336,83,46,0.5542168674698795
ub12,2021-03-24,32.375,13.333333333333334,90,30,0.3333333333333333
ub12,2021-03-25,17.583333333333332,14.25,102,46,0.45098039215686275
ub12,2021-03-26,0.0,0.0,53,9,0.16981132075471697
ub12,2021-03-27,7.0,5.0,55,11,0.2
ub12,2021-03-28,75.40392156862745,39.0,112,40,0.35714285714285715
ub12,2021-03-29,156.82261904761904,57.333333333333336,88,28,0.3181818181818182
ub12,2021-03-30,0.0,0.0,75,33,0.44
ub12,2021-04-01,8.666666666666666,5.0,63,16,0.25396825396825395
ub12,2021-04-02,27.0,16.0,126,68,0.5396825396825397
ub12,2021-04-03,0.0,0.0,112,38,0.3392857142857143
ub12,2021-04-04,0.0,0.0,88,38,0.4318181818181818
us73,2021-03-04,,,3,0,0.0
us73,2021-03-08,11.583333333333332,7.25,33,3,0.09090909090909091
us73,2021-03-09,276.6666666666667,254.0,13,2,0.15384615384615385
us73,2021-03-10,25.571428571428573,25.571428571428573,16,2,0.125
us73,2021-03-11,507.375,506.0,30,12,0.4
us73,2021-03-12,2.0,2.0,5,3,0.6
us73,2021-03-13,0.0,0.0,16,2,0.125
us73,2021-03-14,0.0,0.0,8,3,0.375
us73,2021-03-15,0.0,0.0,5,1,0.2
us73,2021-03-16,,,38,0,0.0
us73,2021-03-17,5.5,5.5,23,10,0.43478260869565216
us73,2021-03-18,,,1,0,0.0
us73,2021-03-19,121.86666666666667,86.2,17,5,0.29411764705882354
us73,2021-03-20,,,93,0,0.0
us73,2021-03-21,,,24,0,0.0
us73,2021-03-22,,,3,0,0.0
us73,2021-03-24,31.857142857142858,31.857142857142858,3,2,0.6666666666666666
us73,2021-03-25,127.5,68.5,14,3,0.21428571428571427
us73,2021-03-29,0.0,0.0,18,2,0.1111111111111111
us73,2021-03-31,,,3,0,0.0
us73,2021-04-01,,,1,0,0.0
us73,2021-04-03,0.0,0.0,5,1,0.2
us73,2021-04-04,0.0,0.0,4,1,0.25
uz94,2021-03-05,,,84,0,0.0
uz94,2021-03-10,161.3705333197269,48.0,86,42,0.4883720930232558
uz94,2021-03-11,163.99943168298432,34.0,123,55,0.44715447154471544
uz94,2021-03-12,666.7309088273466,248.0,156,87,0.5576923076923077
uz94,2021-03-15,254.42287912912914,76.25,117,64,0.5470085470085471
uz94,2021-03-16,42.532088442958006,7.7,85,41,0.4823529411764706
uz94,2021-03-17,412.67790145169005,221.0,113,59,0.5221238938053098
uz94,2021-03-18,82.88612836438924,17.1,72,50,0.6944444444444444
uz94,2021-03-20,0.0,0.0,21,1,0.047619047619047616
uz94,2021-03-21,40.19285714285714,12.75,48,14,0.2916666666666667
uz94,2021-03-23,79.26705642790836,15.0,87,39,0.4482758620689655
uz94,2021-03-24,10.007142857142856,6.75,68,35,0.5147058823529411
uz94,2021-03-25,199.26382352941178,83.0,101,57,0.5643564356435643
uz94,2021-03-26,100.83333333333333,91.5,42,33,0.7857142857142857
uz94,2021-03-27,209.50034634270017,32.0,90,52,0.5777777777777777
uz94,2021-03-28,237.33333333333334,119.5,50,25,0.5
uz94,2021-03-30,261.4661586069232,81.33333333333333,84,44,0.5238095238095238
uz94,2021-03-31,30.404761904761905,22.5,24,12,0.5
uz94,2021-04-01,99.554627510806,35.0,69,36,0.5217391304347826
uz94,2021-04-02,4.2,2.2,19,16,0.8421052631578947
uz94,2021-04-03,5.5,3.6666666666666665,21,12,0.5714285714285714
uz94,2021-04-04,28.977777777777774,10.0,32,19,0.59375
uz94,2021-04-05,170.15439497509257,115.0,76,38,0.5
vc10,2021-03-05,,,13,0,0.0
vc10,2021-03-07,0.5,0.5,3,1,0.3333333333333333
vc10,2021-03-08,,,21,0,0.0
vc10,2021-03-09,,,15,0,0.0
vc10,2021-03-10,,,10,0,0.0
vc10,2021-03-11,1.6666666666666667,1.6666666666666667,20,1,0.05
vc10,2021-03-12,,,11,0,0.0
vc10,2021-03-13,,,9,0,0.0
vc10,2021-03-14,,,5,0,0.0
vc10,2021-03-15,6.25,4.0,22,2,0.09090909090909091
vc10,2021-03-17,0.0,0.0,14,1,0.07142857142857142
vc10,2021-03-18,,,7,0,0.0
vc10,2021-03-19,9.666666666666666,9.666666666666666,16,1,0.0625
vc10,2021-03-20,,,14,0,0.0
vc10,2021-03-21,,,26,0,0.0
vc10,2021-03-22,15.0,15.0,9,1,0.1111111111111111
vc10,2021-03-24,,,4,0,0.0
vc10,2021-03-25,,,8,0,0.0
vc10,2021-03-26,38.0,38.0,12,1,0.08333333333333333
vc10,2021-03-27,,,3,0,0.0
vc10,2021-03-28,,,6,0,0.0
vc10,2021-03-29,0.0,0.0,5,1,0.2
vc10,2021-03-30,,,5,0,0.0
vc10,2021-03-31,,,16,0,0.0
vc10,2021-04-01,,,8,0,0.0
vc10,2021-04-02,,,3,0,0.0
vc10,2021-04-03,,,20,0,0.0
vc10,2021-04-04,0.0,0.0,6,2,0.3333333333333333
vh17,2021-03-08,,,8,0,0.0
vh17,2021-03-09,,,1,0,0.0
vh17,2021-03-10,,,1,0,0.0
vh17,2021-03-11,0.0,0.0,5,1,0.2
vh17,2021-03-13,,,6,0,0.0
vh17,2021-03-14,0.0,0.0,6,1,0.16666666666666666
vh17,2021-03-15,,,1,0,0.0
vh17,2021-03-16,0.0,0.0,5,2,0.4
vh17,2021-03-17,,,2,0,0.0
vh17,2021-03-18,,,3,0,0.0
vh17,2021-03-19,0.0,0.0,20,8,0.4
vh17,2021-03-21,0.0,0.0,13,1,0.07692307692307693
vh17,2021-03-22,,,1,0,0.0
vh17,2021-03-23,,,1,0,0.0
vh17,2021-03-24,0.0,0.0,4,2,0.5
vh17,2021-03-26,,,3,0,0.0
vh17,2021-03-27,0.0,0.0,7,1,0.14285714285714285
vh17,2021-03-28,,,2,0,0.0
vh17,2021-03-30,,,4,0,0.0
vh17,2021-03-31,0.0,0.0,3,1,0.3333333333333333
vh17,2021-04-01,0.0,0.0,12,1,0.08333333333333333
vh17,2021-04-02,,,5,0,0.0
vh17,2021-04-03,,,2,0,0.0
vh17,2021-04-05,0.0,0.0,3,2,0.6666666666666666
vs14,2021-03-06,,,14,0,0.0
vs14,2021-03-08,0.0,0.0,9,1,0.1111111111111111
vs14,2021-03-09,0.0,0.0,15,6,0.4
vs14,2021-03-10,0.0,0.0,24,6,0.25
vs14,2021-03-11,0.0,0.0,43,3,0.06976744186046512
vs14,2021-03-12,,,10,0,0.0
vs14,2021-03-13,0.0,0.0,31,5,0.16129032258064516
vs14,2021-03-14,0.0,0.0,32,13,0.40625
vs14,2021-03-15,0.0,0.0,47,10,0.2127659574468085
vs14,2021-03-16,0.0,0.0,25,3,0.12
vs14,2021-03-17,0.0,0.0,15,3,0.2
vs14,2021-03-18,5.5,5.5,30,10,0.3333333333333333
vs14,2021-03-19,0.0,0.0,27,2,0.07407407407407407
vs14,2021-03-20,0.0,0.0,19,4,0.21052631578947367
vs14,2021-03-21,0.0,0.0,20,2,0.1
vs14,2021-03-22,0.0,0.0,19,3,0.15789473684210525
vs14,2021-03-23,1.4827586206896552,1.4827586206896552,14,5,0.35714285714285715
vs14,2021-03-24,0.0,0.0,20,1,0.05
vs14,2021-03-25,0.0,0.0,27,11,0.4074074074074074
vs14,2021-03-26,0.0,0.0,17,3,0.17647058823529413
vs14,2021-03-27,0.0,0.0,69,14,0.2028985507246377
vs14,2021-03-28,0.0,0.0,62,15,0.24193548387096775
vs14,2021-03-29,0.0,0.0,27,3,0.1111111111111111
vs14,2021-03-30,16.25,13.0,10,5,0.5
vs14,2021-03-31,0.0,0.0,47,5,0.10638297872340426
vs14,2021-04-01,2.0,2.0,8,5,0.625
vs14,2021-04-02,0.0,0.0,23,3,0.13043478260869565
vs14,2021-04-03,0.0,0.0,29,7,0.2413793103448276
vs14,2021-04-04,0.0,0.0,66,16,0.24242424242424243
wc58,2021-03-04,,,65,0,0.0
wc58,2021-03-06,,,50,0,0.0
wc58,2021-03-07,4.8,4.8,86,6,0.06976744186046512
wc58,2021-03-08,29.866666666666667,12.0,93,80,0.8602150537634409
wc58,2021-03-09,105.76666666666667,35.0,165,67,0.40606060606060607
wc58,2021-03-10,55.70555555555555,26.0,128,86,0.671875
wc58,2021-03-11,95.22619047619048,27.0,104,76,0.7307692307692307
wc58,2021-03-12,70.06309523809524,27.5,104,66,0.6346153846153846
wc58,2021-03-13,94.20292792792793,31.625,109,68,0.6238532110091743
wc58,2021-03-14,28.9,9.0,105,54,0.5142857142857142
wc58,2021-03-15,23.333333333333336,7.0,101,62,0.6138613861386139
wc58,2021-03-16,130.20555555555555,67.0,119,62,0.5210084033613446
wc58,2021-03-17,24.6,21.6,72,32,0.4444444444444444
wc58,2021-03-18,97.88333333333333,52.75,111,51,0.4594594594594595
wc58,2021-03-19,115.81719946719949,36.25,118,63,0.5338983050847458
wc58,2021-03-20,18.9,3.75,126,61,0.48412698412698413
wc58,2021-03-21,6.166666666666666,3.6666666666666665,70,41,0.5857142857142857
wc58,2021-03-22,61.75,59.0,74,45,0.6081081081081081
wc58,2021-03-23,65.93779956427014,42.66666666666666,70,52,0.7428571428571429
wc58,2021-03-24,36.246736596736596,12.384615384615383,130,95,0.7307692307692307
wc58,2021-03-25,31.773809523809526,18.0,96,39,0.40625
wc58,2021-03-26,15.939393939393938,9.666666666666666,38,24,0.631578947368421
wc58,2021-03-27,92.0,92.0,7,2,0.2857142857142857
wc58,2021-03-28,94.71428571428571,31.0,106,32,0.3018867924528302
wc58,2021-03-29,94.08333333333333,55.0,69,46,0.6666666666666666
wc58,2021-03-30,33.05952380952381,19.75,84,60,0.7142857142857143
wc58,2021-03-31,0.0,0.0,37,11,0.2972972972972973
wc58,2021-04-01,20.761111111111113,11.11111111111111,78,58,0.7435897435897436
wc58,2021-04-02,31.416666666666668,28.666666666666668,34,29,0.8529411764705882
wc58,2021-04-03,0.0,0.0,10,7,0.7
we59,2021-03-08,3.25,3.25,4,2,0.5
we59,2021-03-09,,,14,0,0.0
we59,2021-03-10,,,2,0,0.0
we59,2021-03-11,,,4,0,0.0
we59,2021-03-12,,,16,0,0.0
we59,2021-03-13,,,8,0,0.0
we59,2021-03-14,,,3,0,0.0
we59,2021-03-16,0.0,0.0,16,2,0.125
we59,2021-03-18,0.0,0.0,3,1,0.3333333333333333
we59,2021-03-19,0.0,0.0,13,3,0.23076923076923078
we59,2021-03-20,0.0,0.0,42,1,0.023809523809523808
we59,2021-03-21,0.0,0.0,13,3,0.23076923076923078
we59,2021-03-23,,,5,0,0.0
we59,2021-03-25,48.75,48.75,1,1,1.0
we59,2021-03-27,0.0,0.0,10,1,0.1
we59,2021-03-28,,,19,0,0.0
we59,2021-03-29,,,2,0,0.0
we59,2021-03-30,0.0,0.0,3,1,0.3333333333333333
we59,2021-03-31,0.0,0.0,9,2,0.2222222222222222
we59,2021-04-01,,,2,0,0.0
we59,2021-04-02,,,1,0,0.0
we59,2021-04-03,25.0,25.0,10,3,0.3
we59,2021-04-04,,,1,0,0.0
xp20,2021-03-07,0.0,0.0,1,1,1.0
xp20,2021-03-08,0.0,0.0,30,4,0.13333333333333333
xp20,2021-03-09,,,19,0,0.0
xp20,2021-03-10,0.0,0.0,31,9,0.2903225806451613
xp20,2021-03-11,4.0,4.0,27,3,0.1111111111111111
xp20,2021-03-12,0.0,0.0,20,2,0.1
xp20,2021-03-13,0.0,0.0,80,7,0.0875
xp20,2021-03-14,0.0,0.0,50,8,0.16
xp20,2021-03-15,71.0,71.0,28,7,0.25
xp20,2021-03-16,0.0,0.0,27,5,0.18518518518518517
xp20,2021-03-17,1.0555555555555556,1.0555555555555556,19,8,0.42105263157894735
xp20,2021-03-18,4.391304347826087,4.391304347826087,37,8,0.21621621621621623
xp20,2021-03-19,0.0,0.0,23,2,0.08695652173913043
xp20,2021-03-20,9.0,7.0,46,18,0.391304347826087
xp20,2021-03-21,0.0,0.0,23,1,0.043478260869565216
xp20,2021-03-22,2.6666666666666665,2.6666666666666665,31,10,0.3225806451612903
xp20,2021-03-23,0.0,0.0,42,12,0.2857142857142857
xp20,2021-03-24,0.0,0.0,107,7,0.06542056074766354
xp20,2021-03-25,6.5,6.5,20,4,0.2
xp20,2021-03-26,0.0,0.0,81,2,0.024691358024691357
xp20,2021-03-27,0.0,0.0,17,5,0.29411764705882354
xp20,2021-03-28,0.0,0.0,21,5,0.23809523809523808
xp20,2021-03-29,0.0,0.0,19,4,0.21052631578947367
xp20,2021-03-30,0.0,0.0,9,1,0.1111111111111111
xp20,2021-03-31,,,3,0,0.0
xp20,2021-04-01,0.0,0.0,19,3,0.15789473684210525
xp20,2021-04-02,0.0,0.0,11,5,0.45454545454545453
xp20,2021-04-03,25.0,25.0,64,8,0.125
xw99,2021-03-04,,,20,0,0.0
xw99,2021-03-05,,,2,0,0.0
xw99,2021-03-08,22.78333333333333,10.75,70,38,0.5428571428571428
xw99,2021-03-09,7.154761904761904,3.25,49,21,0.42857142857142855
xw99,2021-03-10,55.27272727272727,27.77777777777778,72,30,0.4166666666666667
xw99,2021-03-11,11.238095238095237,3.6666666666666665,94,48,0.5106382978723404
xw99,2021-03-12,0.0,0.0,45,15,0.3333333333333333
xw99,2021-03-13,4.4,2.4,24,15,0.625
xw99,2021-03-14,22.75,11.0,54,30,0.5555555555555556
xw99,2021-03-15,58.05131578947368,29.0,48,24,0.5
xw99,2021-03-16,77.16666666666666,60.66666666666666,89,44,0.4943820224719101
xw99,2021-03-17,151.87499999999997,70.0,75,33,0.44
xw99,2021-03-18,31.4656432748538,4.75,82,48,0.5853658536585366
xw99,2021-03-19,23.996825396825397,5.6,55,36,0.6545454545454545
xw99,2021-03-20,1.4285714285714286,1.4285714285714286,52,24,0.46153846153846156
xw99,2021-03-21,181.0,168.0,48,32,0.6666666666666666
xw99,2021-03-22,0.0,0.0,52,32,0.6153846153846154
xw99,2021-03-23,11.607142857142858,5.714285714285714,90,44,0.4888888888888889
xw99,2021-03-24,9.708333333333332,4.0,33,27,0.8181818181818182
xw99,2021-03-25,27.698687423687424,5.0,102,62,0.6078431372549019
xw99,2021-03-27,13.69047619047619,5.5,65,36,0.5538461538461539
xw99,2021-03-28,7.4944444444444445,2.6,45,36,0.8
xw99,2021-03-29,33.95595238095238,12.5,64,45,0.703125
xw99,2021-03-30,10.497252747252746,5.285714285714286,116,44,0.3793103448275862
xw99,2021-03-31,19.708333333333332,7.75,72,42,0.5833333333333334
xw99,2021-04-01,0.0,0.0,54,43,0.7962962962962963
xw99,2021-04-02,16.400000000000002,4.0,54,29,0.5370370370370371
xw99,2021-04-03,18.839285714285715,12.285714285714286,78,57,0.7307692307692307
xw99,2021-04-04,0.0,0.0,44,18,0.4090909090909091
xw99,2021-04-05,3.2637362637362637,1.6923076923076923,9,7,0.7777777777777778
ya71,2021-03-09,0.0,0.0,35,18,0.5142857142857142
ya71,2021-03-10,0.0,0.0,40,17,0.425
ya71,2021-03-11,0.0,0.0,19,7,0.3684210526315789
ya71,2021-03-12,0.0,0.0,18,7,0.3888888888888889
ya71,2021-03-13,0.0,0.0,11,4,0.36363636363636365
ya71,2021-03-14,0.0,0.0,61,14,0.22950819672131148
ya71,2021-03-15,0.0,0.0,19,9,0.47368421052631576
ya71,2021-03-16,0.0,0.0,6,2,0.3333333333333333
ya71,2021-03-17,0.0,0.0,5,1,0.2
ya71,2021-03-18,0.0,0.0,51,12,0.23529411764705882
ya71,2021-03-19,19.666666666666668,19.666666666666668,37,27,0.7297297297297297
ya71,2021-03-20,14.5,14.5,24,8,0.3333333333333333
ya71,2021-03-21,0.0,0.0,33,13,0.3939393939393939
ya71,2021-03-22,0.0,0.0,4,2,0.5
ya71,2021-03-23,0.0,0.0,26,14,0.5384615384615384
ya71,2021-03-24,0.0,0.0,23,4,0.17391304347826086
ya71,2021-03-25,0.0,0.0,15,4,0.26666666666666666
ya71,2021-03-26,0.0,0.0,22,10,0.45454545454545453
ya71,2021-03-27,0.0,0.0,14,5,0.35714285714285715
ya71,2021-03-28,6.666666666666667,6.666666666666667,18,9,0.5
ya71,2021-03-29,0.0,0.0,28,10,0.35714285714285715
ya71,2021-03-30,0.0,0.0,31,5,0.16129032258064516
ya71,2021-03-31,54.0,54.0,16,8,0.5
ya71,2021-04-01,0.0,0.0,8,3,0.375
zk41,2021-03-04,,,72,0,0.0
zk41,2021-03-08,0.0,0.0,6,1,0.16666666666666666
zk41,2021-03-11,18.636111111111113,4.25,22,15,0.6818181818181818
zk41,2021-03-12,0.0,0.0,22,2,0.09090909090909091
zk41,2021-03-13,0.0,0.0,2,1,0.5
zk41,2021-03-14,14.0,14.0,36,15,0.4166666666666667
zk41,2021-03-15,0.0,0.0,14,7,0.5
zk41,2021-03-16,0.0,0.0,50,11,0.22
zk41,2021-03-17,0.0,0.0,14,3,0.21428571428571427
zk41,2021-03-18,0.0,0.0,10,2,0.2
zk41,2021-03-20,0.0,0.0,19,3,0.15789473684210525
zk41,2021-03-21,0.0,0.0,22,4,0.18181818181818182
zk41,2021-03-22,0.0,0.0,15,9,0.6
zk41,2021-03-23,0.0,0.0,5,1,0.2
zk41,2021-03-24,54.0,54.0,2,1,0.5
zk41,2021-03-25,0.0,0.0,12,3,0.25
zk41,2021-03-26,64.5,64.5,18,10,0.5555555555555556
zk41,2021-03-27,2.2,2.2,15,7,0.4666666666666667
zk41,2021-03-28,,,3,0,0.0
zk41,2021-03-29,0.0,0.0,4,1,0.25
zk41,2021-03-30,0.0,0.0,7,4,0.5714285714285714
zk41,2021-03-31,0.0,0.0,9,1,0.1111111111111111
zk41,2021-04-01,0.0,0.0,4,1,0.25
zk41,2021-04-02,0.0,0.0,23,14,0.6086956521739131
zk41,2021-04-03,21.17142857142857,13.0,33,16,0.48484848484848486
zk41,2021-04-04,17.733333333333334,15.4,13,6,0.46153846153846156
zk41,2021-04-05,0.0,0.0,21,10,0.47619047619047616
